Symbol,Description
AADR,Advisorshares Dorsey Wright ETF
AAPB,Graniteshares 2X Long Aapl Daily ETF
AAPD,Aapl Bear -1X ETF Direxion
AAPU,Aapl Bull 2X ETF Direxion
AAXJ,All Country Asia Ex Japan Ishares MSCI ETF
ABCS,Alpha Blue Capital US Small-Mid Cap Dynamic ETF
ACWI,ACWI Ishares MSCI ETF
ACWX,ACWI Ex US Ishares MSCI ETF
AGMI,Themes Silver Miners ETF
AGNG,GX Aging Population ETF
AIA,Asia 50 Ishares ETF
AIPI,Rex Ai Equity Premium Income ETF
AIQ,GX Artificial Intelligence & Tech ETF
AIRL,Themes Airlines ETF
AIRR,Rba American Industrial Renaissance ETF FT
ALTY,GX Superdividend Alternatives ETF
AMDL,Graniteshares 2X Long Amd Daily ETF
AMDS,Graniteshares 1X Short Amd Daily ETF
AMID,Argent Mid Cap ETF
AMZD,Amzn Bear -1X ETF Direxion
AMZU,Amzn Bull 2X ETF Direxion
AMZZ,Graniteshares 2X Long Amzn Daily ETF
ANGL,Vaneck Fallen Angel High Yield Bond ETF
AOTG,Aot Growth and Innovation ETF
AQWA,GX Clean Water ETF
ARVR,FT Indxx Metaverse ETF
AUMI,Themes Gold Miners ETF
AVGX,Defiance Daily Target 2X Long Avgo ETF
AVL,Avgo Bull 2X ETF Direxion
AVS,Avgo Bear -1X ETF Direxion
AVXC,Avantis Emerging Markets Ex-China Equity ETF
BABX,Graniteshares 2X Long Baba Daily ETF
BAFE,Brown Advisory Flexible Equity ETF
BBH,Vaneck Biotech ETF
BDGS,Bridges Capital Tactical ETF
BEEZ,Honeytree U.S. Equity ETF
BELT,Blackrock Long-Term U.S. Equity ETF
BGRN,Ishares Global Green Bond ETF
BGRO,Blackrock Large Cap Growth ETF
BIB,Ultra Nasdaq Biotechnology 2X ETF
BIS,Ultrashort Nasdaq Biotechnology -2X ETF
BITS,GX Blockchain & Bitcoin Strategy ETF
BJK,Vaneck Gaming ETF
BKCH,GX Blockchain ETF
BKIV,BNY Mellon Innovators ETF
BKWO,BNY Mellon Women's Opportunities ETF
BLCN,Siren Nasdaq Nexgen Economy ETF
BLCR,Blackrock Large Cap Core ETF
BLLD,JPM Sustainable Infrastructure ETF
BMDL,Victoryshares Westend Economic Cycle Bond ETF
BND,Total Bond Market ETF Vanguard
BNDW,Total World Bond Vanguard ETF
BNDX,Total Intl Bond ETF Vanguard
BOTT,Themes Robotics & Automation ETF
BOTZ,GX Robotics & Artificial Intelligence ETF
BRHY,Blackrock High Yield ETF
BRNY,Burney U.S. Factor Rotation ETF
BRTR,Blackrock Total Return ETF
BSCO,Bs 2024 Corp Bond Invesco ETF
BSCP,Bs 2025 Corp Bond Invesco ETF
BSCQ,Bs 2026 Corp Bond Invesco ETF
BSCR,Bs 2027 Corp Bond Invesco ETF
BSCS,Bs 2028 Corp Bond Invesco ETF
BSCT,Bs 2029 Corp Bond Invesco ETF
BSCU,Bs 2030 Corp Bond Invesco ETF
BSCV,Invesco Bulletshares 2031 Corporate Bond ETF
BSCW,Invesco Bulletshares 2032 Corp Bond ETF
BSCX,Invesco Bulletshares 2033 Corporate Bond ETF
BSCY,Invesco Bulletshares 2034 Corporate Bond ETF
BSJO,Bs 2024 High Yield Corp Bond ETF
BSJP,Bs 2025 High Yield Corp Bond ETF
BSJQ,Bs 2026 High Yield Corp Bond ETF
BSJR,Bs 2027 High Yield Corp Bond ETF
BSJS,Bs 2028 High Yield Corp Bond ETF
BSJT,Bs 2029 High Yield Corp Bond ETF
BSJU,Bs 2030 High Yield Corp Bond ETF
BSMO,Bs 2024 Municipal Bond ETF
BSMP,Bs 2025 Municipal Bond ETF
BSMQ,Bs 2026 Municipal Bond ETF
BSMR,Bs 2027 Municipal Bond ETF
BSMS,Bs 2028 Municipal Bond ETF
BSMT,Bs 2029 Municipal Bond ETF
BSMU,Bs 2030 Municipal Bond ETF
BSMV,Bs 2031 Municipal Bond ETF
BSMW,Invesco Bulletshares 2032 Municipal Bond ETF
BSMY,Invesco Bulletshares 2034 Municipal Bond ETF
BSSX,Invesco Bulletshares 2033 Municipal Bond ETF
BSVO,Ea Bridgeway Omni Small-Cap Value ETF
BTF,Valkyrie Bitcoin Strategy ETF
BTFX,Valkyrie Bitcoin Futures Leveraged Strategy ETF
BTGD,Stkd Bitcoin & Gold ETF
BUFC,Ab Conservative Buffer ETF
BUG,GX Cybersecurity ETF
BULD,Pacer Bluestar Engineering The Future ETF
CA,Xtrackers California Municipal Bonds ETF
CAFG,Pacer US Smallcap Cash Cows Growth Leaders ETF
CALI,Ishares Short-Term California Muni Active ETF
CANC,Tema Oncology ETF
CANQ,Calamos Alternative Nasdaq & Bond ETF
CATH,GX S&P 500 Catholic Values ETF
CCNR,Corecommodity Natural Resources ETF
CCSB,Carbon Collective Short Duration Green Bond ETF
CCSO,Climate Solutions U.S. Equity ETF
CDC,Victory US Eqty Income Ehnd Vol Wtd ETF
CDL,Victory US Largecap HI Div Vol Wtd ETF
CEFA,GX S&P Catholic Values Devd Ex-U.S. ETF
CFA,Victory US 500 Vol ETF
CFO,Victory US 500 Ehnd Vol Wtd ETF
CHPS,Xt Semiconductor Select Equity ETF
CIBR,Nasdaq Cybersecurity ETF
CIL,Victory Intl Vol Wtd ETF
CLOA,Blackrock AAA Clo ETF
CLOD,Themes Cloud Computing ETF
CLOU,GX Cloud Computing ETF
CLSM,Cabana Target Leading Sector Moderate ETF
COMT,Commodities Select Strategy Ishares ETF
CONI,Graniteshares 1X Short Coin Daily ETF
CONL,Graniteshares 2X Long Coin Daily ETF
COPJ,Sprott Junior Copper Miners ETF
COPP,Sprott Copper Miners ETF
COWG,Pacer US Large Cap Cash Cows Growth Leaders ETF
COWS,Amplify Cash Flow Dividend Leaders ETF
CPLS,Ab Core Plus Bond ETF
CRWL,Graniteshares 2X Long Crwd Daily ETF
CSA,Victory US Smallcap Vol Wtd ETF
CSB,Victory US Smallcap HI Div Vol Wtd ETF
CSF,Victory US Disc Enhd Vol Wtd ETF
CTEC,GX Cleantech ETF
CZAR,Themes Natural Monopoly ETF
DALI,FT Dorseywright Dali 1 ETF
DAPP,Vaneck Digital Transformation ETF
DAX,GX DAX Germany ETF
DCAP,Unity Wealth Capital Appreciation & Options ETF
DDIV,FT High Income ETF
DECO,SPDR Galaxy Digital Asset Ecosystem ETF
DEMZ,Demz Political Contributions ETF
DFGP,Dimensional Global Core Plus Fixed Income ETF
DFGX,Dimensional Global Ex US Core Fixed Income ETF
DGCB,Dimensional Global Credit ETF
DIVD,Altrius Global Dividend ETF
DMAT,GX Disruptive Materials ETF
DMXF,Ishares ESG Advanced MSCI EAFE ETF
DRIV,GX Autonomous & Electric Vehicles ETF
DTCR,GX Data Center Reits & Digital Infr ETF
DUKH,Ocean Park High Income ETF
DUKX,Ocean Park International ETF
DVAL,Brandywineglobal Dynamic US Large Cap Value ETF
DVLU,FT Momentum & Value ETF
DVOL,FT Momentum & Low Volatility ETF
DVY,Select Dividend Ishares ETF
DWAS,DWA Smallcap Momentum Invesco ETF
DWAW,Advisorshares Fsm All Cap World ETF
DWSH,Advisorshares D.W. Short -1X ETF
DWUS,Advisorshares Dorsey Wright Fsm US Core ETF
DYFI,Idx Dynamic Fixed Income ETF
DYNI,Idx Dynamic Innovation ETF
DYTA,Sgi Dynamic Tactical ETF
EBIZ,GX E-Commerce ETF
ECOW,Pacer Emerging Markets Cash Cows 100 ETF
EDOC,GX Telemedicine & Digital Health ETF
EEMA,Emrg Mkts Asia Ishares MSCI ETF
EFAS,GX MSCI Superdividend EAFE ETF
EFRA,Ishares Environmental Infra and Industrials ETF
EHLS,Even Herd Long Short ETF
EKG,Nasdaq Lux Digital Health Solutions ETF
EMB,USD Emrg Mkts Bond Ishares JPM ETF
EMEQ,Macquarie Focused Emerging Markets Equity ETF
EMIF,Emrg Mkts Infrastructure Ishares ETF
EMXC,Emrg Mkts Ex China Ishares MSCI ETF
EMXF,Ishares ESG Advanced MSCI EM ETF
ENZL,New Zealand Ishares MSCI ETF
EQRR,Equities For Rising Rates ETF
ERET,Ishares Environmentally Aware Real Estate ETF
ERNZ,Trueshares Active Yield ETF
ESGD,EAFE ESG Optimized Ishares MSCI ETF
ESGE,Emrg Mkts ESG Optimized Ishares MSCI ETF
ESGU,USA ESG Optimized Ishares MSCI ETF
ESMV,Ishares ESG MSCI USA Min Vol Factor ETF
ESN,Essential 40 Stock ETF
ESPO,Vaneck Video Gaming and Esports ETF
ETEC,Ishares Breakthrough Environmental Solutions ETF
ETHA,Ishares Ethereum Trust ETF
EUFN,Europe Financials Ishares MSCI ETF
EVSD,Eaton Vance Short Duration Income ETF
EWJV,Ishares MSCI Japan Value ETF
EWZS,Brazil Smallcap Ishares MSCI ETF
EYEG,Ab Corporate Bond ETF
FAAR,Alternative Absolute Return Strategy ETF FT
FALN,US Fallen Angels Ishares ETF
FBL,Graniteshares 2X Long Meta Daily ETF
FBOT,Fidelity Disruptive Automation ETF
FCAL,California Municipal High Income ETF FT
FCEF,CEF Income Opportunity ETF FT
FCTE,Smi 3Fourteen Full-Cycle Trend ETF
FCVT,Ssi Strategic Convertible Securities ETF FT
FDCF,Fidelity Disruptive Communications ETF
FDFF,Fidelity Disruptive Finance ETF
FDIF,Fidelity Disruptors ETF
FDIG,Fidelity Crypto Industry Digital Payments ETF
FDIV,Marketdesk Focused U.S. Dividend ETF
FDNI,FT DJ International Internet ETF
FDTX,Fidelity Disruptive Technology ETF
FEMB,Emrg Mkts Local Currency Bond ETF FT
FEPI,Rex Fang & Innovation Equity Premium Income ETF
FICS,FT Intl Developed Capital Strength ETF
FID,FT S&P Intl Dividend Aristocrats ETF
FINE,Themes European Luxury ETF
FINX,GX Fintech ETF
FIXD,Tcw Opportunistic Fixed Income ETF FT
FLDB,Fidelity Low Duration Bond ETF
FMB,Managed Municipal ETF FT
FMED,Fidelity Disruptive Medicine ETF
FMET,Fidelity Metaverse ETF
FMHI,FT Municipal High Income ETF
FPXE,FT Ipox Europe Equity Opportunities ETF
FPXI,FT Intl Equity Opportunities ETF
FSCS,Midcap US Equity Select ETF FT
FTAG,Indxx Global Agriculture ETF FT
FTCS,Capital Strength ETF FT
FTDS,Dividend Strength ETF FT
FTGS,FT Growth Strength ETF
FTHI,High Income ETF FT
FTQI,Low Beta Income ETF FT
FTRI,Indxx Global Natural Resources Income ETF FT
FTSL,Senior Loan ETF FT
FTSM,Enhanced Short Maturity ETF FT
FTXG,Nasdaq Food & Beverage ETF
FTXH,Nasdaq Pharmaceuticals ETF
FTXL,Nasdaq Semiconductor ETF
FTXN,Nasdaq Oil & Gas ETF
FTXO,Nasdaq Bank ETF
FTXR,Nasdaq Transportation ETF
FV,Dorsey Wright Focus 5 ETF FT
FVC,Dorsey Wright Dynamic Focus 5 ETF FT
GFGF,Guru Favorite Stocks ETF
GGLL,Googl Bull 2X ETF Direxion
GGLS,Googl Bear -1X ETF Direxion
GINX,Sgi Enhanced Global Income ETF
GLOW,Victoryshares Westend Global Equity ETF
GNMA,GNMA Bond Ishares ETF
GNOM,GX Genomics & Biotechnology ETF
GOVI,Invesco Equal Weight 0-30 Year Treasury ETF
GPIQ,GS Nasdaq-100 Core Premium Income ETF
GPIX,GS S&P 500 Core Premium Income ETF
GQQQ,Astoria US Quality Growth Kings ETF
GRID,Nasdaq Smart Grid Infrastructure ETF
GSIB,Themes Global Systemically Important Banks ETF
GXTG,GX Thematic Growth ETF
HCOW,Amplify Cash Flow High Income ETF
HECO,SPDR Galaxy Hedged Digital Asset Ecosystem ETF
HEJD,Victoryshares Hedged Equity Income ETF
HERD,Pacer Cash Cows Fund of Funds ETF
HERO,GX Video Games & Esports ETF
HFSP,Tradersai Large Cap Equity & Cash ETF
HIDE,Ea Architect High Inflation and Deflation ETF
HISF,Strategic Income ETF FT
HLAL,Wahed FTSE USA Shariah ETF
HNDL,Strategy Shares Nasdaq 7Handl ETF
HQGO,Hartford US Quality Growth ETF
HRTS,Tema Cardiovascular and Metabolic ETF
HWAY,Themes US Infrastructure ETF
HYBI,Neos Enhanced Income Credit Select ETF
HYDR,GX Hydrogen ETF
HYLS,Tactical High Yield ETF FT
IBAT,Ishares Energy Storage & Materials ETF
IBB,Nasdaq Biotechnology Ishares ETF
IBBQ,Invesco Nasdaq Biotechnology ETF
IBGA,Ibonds Dec 2044 Term Treasury ETF
IBGK,Ibonds Dec 2054 Term Treasury ETF
IBIT,Ishares Bitcoin Trust ETF
IBOT,Vaneck Robotics ETF
IBTE,Ishares Ibonds Dec 2024 Term Treasury ETF
IBTF,Ishares Ibonds Dec 2025 Term Treasury ETF
IBTG,Ishares Ibonds Dec 2026 Term Treasury ETF
IBTH,Ishares Ibonds Dec 2027 Term Treasury ETF
IBTI,Ishares Ibonds Dec 2028 Term Treasury ETF
IBTJ,Ishares Ibonds Dec 2029 Term Treasury ETF
IBTK,Ishares Ibonds Dec 2030 Term Treasury ETF
IBTL,Ishares Ibonds Dec 2031 Term Treasury ETF
IBTM,Ishares Ibonds Dec 2032 Term Treasury ETF
IBTO,Ishares Ibonds Dec 2033 Term Treasury ETF
IBTP,Ibonds Dec 2034 Term Treasury ETF
ICLN,Global Clean Energy Ishares ETF
ICOP,Ishares Copper and Metals Mining ETF
IEF,7-10 Year Treasury Bond Ishares ETF
IEI,3-7 Year Treas Bond Ishares ETF
IEUS,Europe Smallcap Ishares MSCI ETF
IFGL,Intl Developed Real Estate Ishares ETF
IFV,Dorsey Wright Intl Focus 5 ETF FT
IGF,Global Infrastructure Ishares ETF
IGIB,Interm Term Corp Bond Ishares ETF
IGOV,Intl Treasury Bond Ishares ETF
IGSB,Short-Term Corp Bond Ishares ETF
IHYF,Invesco High Yield Bond Factor ETF
IJT,S&P Smallcap 600 Growth Ishares ETF
ILIT,Ishares Lithium Miners and Producers ETF
IMCV,Mstar Midcap Value Ishares ETF
IMOM,Intl Quantitative Momentum ETF
INDY,India 50 Ishares ETF
INFR,Clearbridge Sustainable Infrastructure ETF
INRO,Blackrock U.S. Industry Rotation ETF
IPKW,Intl Buyback Achievers Invesco ETF
IQQQ,Proshares Nasdaq-100 High Income ETF
ISHG,1-3 Year Intl Treas Bond Ishares ETF
ISHP,S-Network E-Sommerce ETF FT
ISTB,1-5 Year USD Bond Ishares Core ETF
IUS,Invesco Strategic US ETF
IUSB,USD Bond Market Total Ishares Core ETF
IUSG,S&P US Growth Ishares Core ETF
IUSV,S&P US Value Ishares Core ETF
IVAL,Intl Quantitative Valueshares ETF
IVEG,Ishares Emergent Food and Agtech Multisector ETF
IWTR,Ishares MSCI Water Management Multisector ETF
IXUS,Total Intl Stock Ishares Core MSCI ETF
JDOC,Jpmorgan Healthcare Leaders ETF
JEPQ,JPM Nasdaq Equity Premium Income ETF
JGLO,Jpmorgan Global Select Equity ETF
JIVE,Jpmorgan International Value ETF
JMID,Janus Henderson Mid Cap Growth Alpha ETF
JPEF,Jpmorgan Equity Focus ETF
JSMD,Janus Small/Midcap Growth ETF
JSML,Janus Smallcap Growth ETF
JTEK,JPM U.S. Tech Leaders ETF
KBWB,KBW Bank Invesco ETF
KBWD,KBW High Dividend Yield Financial Invesco ETF
KBWP,KBW Property & Casualty Insurance Invesco ETF
KBWR,KBW Regional Banking Invesco ETF
KBWY,KBW Premium Yield Equity REIT Invesco ETF
KEAT,Keating Active ETF
KQQQ,Kurv Technology Titans Select ETF
KRMA,GX Conscious Companies ETF
KROP,GX Agtech & Food Innovation ETF
LCDS,Jpmorgan Fundamental Data Science Large Core ETF
LDEM,Ishares ESG MSCI EM Leaders ETF
LDSF,FT Low Duration Strategic Focus ETF
LEGR,FT Indxx Innovative Transaction & Process ETF
LFSC,F/M Emerald Life Sciences Innovation ETF
LGRO,Level Four Large Cap Growth Active ETF
LITP,Sprott Lithium Miners ETF
LIVR,Intelligent Livermore ETF
LMBS,Low Duration Opportunities ETF FT
LRGE,Legg Clearbridge Large Cap Groowth ETF
LRND,Nyli U.S. Large Cap R&D Leaders ETF
LVHD,Legg Low Vol HI Div ETF
MAGQ,Roundhill Inverse Magnificent Seven ETF
MAGS,The Magnificent Seven ETF
MAGX,Roundhill 2X Long Magnificent Seven ETF
MAXI,Simplify Bitcoin Strategy Plus Income ETF
MBB,MBS Ishares ETF
MCDS,Jpmorgan Fundamental Data Science Mid Core ETF
MCHI,China Ishares MSCI ETF
MCHS,Matthews China Discovery Active ETF
MCSE,Martin Sustainable International Equity ETF
MDCP,Victory Thb Mid Cap ESG ETF
MEDX,Horizon Kinetics Medical ETF
MEMS,Matthews Emerging Markets Discovery Active ETF
METD,Meta Bear -1X ETF Direxion
METU,Meta Bull 2X ETF Direxion
MFLX,Municipal CEF Income Opportunity ETF FT
MILN,GX Millennial Consumer ETF
MKAM,Mkam ETF
MNTL,Tema Neuroscience and Mental Health ETF
MODL,Victory Westend U.S. Sector ETF
MOOD,Alpha Architect Relative Sentiment ETF
MQQQ,Tradr 2X Long Triple Q Monthly ETF
MSFD,Msft Bear -1X ETF Direxion
MSFL,Graniteshares 2X Long Msft Daily ETF
MSFU,Msft Bull 2X ETF Direxion
MSTX,Defiance Daily Target 1.75X Long Mstr ETF
MUD,Mu Bear -1X ETF Direxion
MULL,Graniteshares 2X Long Mu Daily ETF
MUU,Mu Bull 2X ETF Direxion
MYCF,SPDR SSGA My2026 Corporate Bond ETF
MYCG,SPDR SSGA My2027 Corporate Bond ETF
MYCH,SPDR SSGA My2028 Corporate Bond ETF
MYCI,SPDR SSGA My2029 Corporate Bond ETF
MYCJ,SPDR SSGA My2030 Corporate Bond ETF
MYCK,SPDR SSGA My2031 Corporate Bond ETF
MYCL,SPDR SSGA My2032 Corporate Bond ETF
MYCM,SPDR SSGA My2033 Corporate Bond ETF
MYCN,SPDR SSGA My2034 Corporate Bond ETF
MYMF,SPDR SSGA My2026 Municipal Bond ETF
MYMG,SPDR SSGA My2027 Municipal Bond ETF
MYMH,SPDR SSGA My2028 Municipal Bond ETF
MYMI,SPDR SSGA My2029 Municipal Bond ETF
MYMJ,SPDR SSGA My2030 Municipal Bond ETF
NATO,Themes Transatlantic Defense ETF
NCPB,Nuveen Core Plus Bond ETF
NDAA,Ned Davis Research 360 Dynamic Allocation ETF
NERD,Roundhill Esports & Digital Entertainment ETF
NEWZ,Stocksnips Ai-Powered Sentiment US All Cap ETF
NFTY,FT India Nifty 50 EW ETF
NFXL,Nflx Bull 2X ETF Direxion
NFXS,Nflx Bear -1X ETF Direxion
NIKL,Sprott Nickel Miners ETF
NIXT,Research Affiliates Deletions ETF
NPFI,Nuveen Preferred and Income ETF
NRES,Xtrackers Rreef Global Natural Resources ETF
NSCR,Nuveen Sustainable Core ETF
NSI,National Security Emerging Markets Index ETF
NUSB,Nuveen Ultra Short Income ETF
NVD,Graniteshares 2X Short Nvda Daily ETF
NVDD,Nvda Bear -1X ETF Direxion
NVDL,Graniteshares 2X Long Nvda Daily ETF
NVDS,Tradr 1.5X Short Nvda Daily ETF
NVDU,Nvda Bull 2X ETF Direxion
NVDW,Tradr 1.75X Long Nvda Weekly ETF
NZAC,SPDR MSCI ACWI Climate Paris Aligned ETF
NZUS,SPDR MSCI USA Climate Paris Aligned ETF
OBIL,US Treasury 12 Month Bill ETF
OCTA,Octane All-Cap Value Energy ETF
ODDS,Pacer Bluestar Digital Entertainment ETF
ONEQ,Nasdaq Composite ETF
OPTZ,Optimize Strategy Index ETF
OZEM,Roundhill Glp-1 & Weight Loss ETF
PABU,Ishares Paris-Aligned Climate MSCI USA ETF
PATN,Patent Leaders ETF
PDBA,Invesco Agriculture Commodity K-1 ETF
PDP,DWA Momentum Invesco ETF
PEPS,Parametric Equity Plus ETF
PEY,High Yield Equity Dividend Achievers Invesco ETF
PEZ,DWA Consumer Cyclicals Momentum Invesco ETF
PFF,US Preferred Stock Ishares ETF
PFI,DWA Financial Momentum Invesco ETF
PFM,Dividend Achievers Invesco ETF
PGJ,Golden Dragon China Invesco ETF
PHO,Water Resources Invesco ETF
PID,Intl Dividend Achievers Invesco ETF
PIE,DWA Emerging Markets Momentum Invesco ETF
PIO,Global Water Invesco ETF
PIZ,DWA Developed Markets Momentum Invesco ETF
PKW,Buyback Achievers Invesco ETF
PMBS,Pimco Mortgage-Backed Securities Active ETF
PNQI,Nasdaq Internet Invesco ETF
PPH,Vaneck Pharmaceutical ETF
PPI,Axs Astoria Inflation Sensitive ETF
PRFZ,FTSE RAFI US 1500 Small/Mid Invesco ETF
PRN,DWA Industrials Momentum Invesco ETF
PSCC,S&P Smallcap Consumer Staples Invesco ETF
PSCD,S&P Smallcap Consumer Discretionary Invesco ETF
PSCE,S&P Smallcap Energy Invesco ETF
PSCF,S&P Smallcap Financials Invesco ETF
PSCH,S&P Smallcap Health Care Invesco ETF
PSCI,S&P Smallcap Industrials Invesco ETF
PSCM,S&P Smallcap Materials Invesco ETF
PSCT,S&P Smallcap Information Technology Invesco ETF
PSCU,S&P Smallcap Utilities Invesco ETF
PSET,Principal Price Setters ETF
PSL,DWA Consumer Staples Momentum Invesco ETF
PSTR,Peakshares Sector Rotation ETF
PSWD,Xt Cybersecurity Select Equity ETF
PTEC,GX Proptech ETF
PTF,DWA Technology Momentum Invesco ETF
PTH,DWA Healthcare Momentum Invesco ETF
PTIR,Graniteshares 2X Long Pltr Daily ETF
PTNQ,Pacer Trendpilot 100 ETF
PUI,DWA Utilities Momentum Invesco ETF
PXI,DWA Energy Momentum Invesco ETF
PY,Principal Shareholders Yield ETF
PYZ,DWA Basic Materials Momentum Invesco ETF
QAT,Qatar Ishares MSCI ETF
QBUF,Innovator Nasdaq-100 10 Buffer ETF Quarterly
QCLN,Nasdaq Green Energy Index ETF
QCLR,GX Nasdaq 100 Collar 95-110 ETF
QHDG,Innovator Hedged Nasdaq-100 ETF
QMOM,Quantitative Momentum ETF
QNXT,Ishares Nasdaq-100 Ex Top 30 ETF
QOWZ,Invesco Nasdaq Free Cash Flow Achievers ETF
QQA,Invesco QQQ Income Advantage ETF
QQJG,Invesco ESG Nasdaq Next Gen 100 ETF
QQMG,Invesco ESG Nasdaq 100 ETF
QQQ,Nasdaq QQQ Invesco ETF
QQQA,Nasdaq 100 Dorsey Wright Momentum ETF
QQQE,Nasdaq-100 Equal Weighted Index ETF Direxion
QQQG,Nasdaq 100 Top 50 Cash Cows Growth Leaders ETF
QQQI,Neos Nasdaq 100 High Income ETF
QQQJ,Invesco Nasdaq Next Gen 100 ETF
QQQM,Invesco Nasdaq 100 ETF
QQQP,Tradr 2X Long Triple Q Quarterly ETF
QQQS,Invesco Nasdaq Future Gen 200 ETF
QQQT,Defiance Nasdaq 100 Income Target ETF
QQQW,Tradr 2X Long Triple Q Weekly ETF
QQQY,Defiance Nasdaq 100 Enhanced Options Income ETF
QQXT,Nasdaq 100 Ex-Tech Sector Indexsm ETF
QRMI,GX Nasdaq 100 Risk Managed Income ETF
QSIX,Pacer Nasdaq 100 Dividend Multiplier 600 ETF
QTOP,Ishares Nasdaq Top 30 Stocks ETF
QTR,GX Nasdaq 100 Tail Risk ETF
QTUM,Defiance Quantum ETF
QVAL,US Quantitative Valueshares ETF
QXQ,Sgi Enhanced Nasdaq-100 ETF
QYLD,GX Nasdaq-100 Covered Call ETF
QYLE,GX Nasdaq 100 ESG Covered Call ETF
QYLG,GX Nasdaq 100 Covered Call & Growth ETF
RAYS,GX Solar ETF
RDVY,Rising Dividend Achievers ETF FT
REAI,Private Real Estate Via Liquid Reits ETF
REIT,Alps Active REIT ETF
RFDI,Riverfront Dyn Developed Intl ETF FT
RFEM,Riverfront Dyn Emerging Markets ETF FT
RFEU,Riverfront Dyn Europe ETF FT
RING,Ishares Global Gold Miners ETF
RNEM,Emrg Mkts Equity Select ETF FT
RNEW,Vaneck Green Infrastructure ETF
RNRG,GX Renewable Energy Producers ETF
RNSC,Smallcap US Equity Select ETF FT
ROBT,Artificial Intelligence and Robotics ETF FT
ROE,Astoria US Quality Kings ETF
RTH,Vaneck Retail ETF
RUNN,Running Oak Efficient Growth ETF
SARK,Tradr 2X Short Innovation Daily ETF
SCDS,Jpmorgan Fundamental Data Science Small Core ETF
SCZ,EAFE Smallcap Ishares MSCI ETF
SDG,Ishares Global Sustainable Goals ETF
SDSI,American Century Short-Duration Strategic ETF
SDVY,FT Smid Cap Rising Dividend Achievers ETF
SEEM,Sei Select Emerging Markets Equity ETF
SEIE,Sei Select International Equity ETF
SEIS,Sei Select Small Cap ETF
SETM,Sprott Energy Transition Materials ETF
SFLO,Victoryshares Small Cap Free Cash Flow ETF
SHRY,Largecap US Equity Select ETF FT
SHV,Short Treasury Bond Ishares ETF
SHY,1-3 Year Treasury Bond Ishares ETF
SIXG,Defiance Next Gen Connectivity ETF
SJCP,Sanjac Alpha Core Plus Bond ETF
SJLD,Sanjac Alpha Low Duration ETF
SKYU,Ultra Nasdaq Cloud Computing 2X ETF
SKYY,Cloud Computing ETF FT
SLQD,0-5 Year Invst Grade Corp Bond Ishares ETF
SMCF,Themes US Small Cap Cash Flow Champions ETF
SMCO,Hilton Small-Midcap Opportunity ETF
SMCP,Alphamark Actmg Smallcap ETF
SMCX,Defiance Daily Target 2X Long Smci ETF
SMH,Vaneck Semiconductor ETF
SMHX,Vaneck Fabless Semiconductor ETF
SMRI,Bushido Capital US Equity ETF
SMST,Defiance Daily Target 1.5X Short Mstr ETF
SNSR,GX Internet of Things ETF
SOCL,GX Social Media ETF
SOXM,Tradr 2X Long Soxx Monthly ETF
SOXQ,Invesco PHLX Semiconductor ETF
SOXW,Tradr 2X Long Soxx Weekly ETF
SOXX,Semiconductor Ishares ETF
SPAM,Themes Cybersecurity ETF
SPAQ,Horizon Kinetics Spac Active ETF
SPBC,Simplify U.S. Equity Plus Gbtc ETF
SPC,Crossingbridge Pre-Merger Spac ETF
SPCX,The Spac and New Issue ETF
SPRX,Spear Alpha ETF
SPYB,Tradr 2X Long Spy Weekly ETF
SPYM,Tradr 2X Long Spy Monthly ETF
SPYQ,Tradr 2X Long Spy Quarterly ETF
SQLV,Legg Smallcap Quality Value ETF
SQQQ,Ultrapro Short QQQ -3X ETF
SRET,GX Superdividend REIT ETF
STSB,Stance Sustainable Beta ETF
SUSB,1-5 Year USD Corp Bond Ishares ESG ETF
SUSC,USD Corp Bond Ishares ESG ETF
SUSL,Ishares ESG MSCI USA Leaders ETF
SWP,Swp Growth & Income ETF
TARK,Tradr 2X Long Innovation ETF
TAXE,Intermediate Municipal Income ETF
TBIL,US Treasury 3 Month Bill ETF
TCHI,Ishares MSCI China Multisector Tech ETF
TDI,Touchstone Dynamic International ETF
TDIV,Nasdaq Technology Dividend Index ETF
TDSB,Cabana Target Drawdown 7 ETF
TDSC,Cabana Target Drawdown 10 ETF
TEKX,SPDR Galaxy Transformative Tech Accelerators ETF
TLT,20+ Year Treas Bond Ishares ETF
TLTM,Tradr 2X Long Tlt Monthly ETF
TLTQ,Tradr 1.75X Long Tlt Quarterly ETF
TMET,Ishares Transition-Enabling Metals ETF
TQQQ,Ultrapro QQQ 3X ETF
TSDD,Graniteshares 2X Short Tsla Daily ETF
TSL,Graniteshares 1.25X Long Tsla Daily ETF
TSLL,Tsla Bull 2X ETF Direxion
TSLQ,Tradr 2X Short Tsla Daily ETF
TSLR,Graniteshares 2X Long Tsla Daily ETF
TSLS,Tsla Bear -1X ETF Direxion
TSLT,T-Rex 2X Long Tesla Daily Target ETF
TSLW,Tradr 1.5X Long Tsla Weekly ETF
TSLZ,T-Rex 2X Inverse Tesla Daily Target ETF
TSMU,Graniteshares 2X Long Tsm Daily ETF
TSMX,Tsm Bull 2X ETF Direxion
TSMZ,Tsm Bear -1X ETF Direxion
TSPY,Tappalpha Spy Growth & Daily Income ETF
TTEQ,T. Rowe Price Technology ETF
TUG,Stf Tactical Growth ETF
TUGN,Stf Tactical Growth & Income ETF
TUR,Turkey Ishares MSCI ETF
TXSS,Texas Small Cap Equity Index ETF
UAE,UAE Ishares MSCI ETF
UBND,Victory ESG Core Plus Bond ETF
UBRL,Graniteshares 2X Long Uber Daily ETF
UCRD,Victory ESG Corporate Bond ETF
UCYB,Ultra Nasdaq Cybersecurity 2X ETF
UEVM,USAA MSCI EM Value Momentum Blend Index ETF
UFIV,US Treasury 5 Year Note ETF
UFO,Procure Space ETF
UITB,USAA Core Intermediate-Term Bond ETF
UIVM,USAA MSCI Intl Value Momentum Blend Index ETF
ULVM,USAA MSCI USA Value Momentum Blend Index ETF
UMMA,Wahed Dow Jones Islamic World ETF
UPGR,Xt US Green Infrastructure Equity ETF
URNJ,Sprott Junior Uranium Miners ETF
USCF,Themes US Cash Flow Champions ETF
USDX,Sgi Enhanced Core ETF
USFI,Brandywineglobal U.S. Fixed Income ETF
USIG,Broad USD Investment Gr. Corp Bond Ishares ETF
USMC,Principal U.S. Mega-Cap ETF
USOY,Defiance Oil Enhanced Options Income ETF
USRD,Themes US R&D Champions ETF
USTB,USAA Core Short-Term Bond ETF
USVM,USAA MSCI USA Small Cap Value Mom Blend ETF
USVN,US Treasury 7 Year Note ETF
USXF,Ishares ESG Advanced MSCI USA ETF
UTEN,US Treasury 10 Year Note ETF
UTHY,US Treasury 30 Year Bond ETF
UTRE,US Treasury 3 Year Note ETF
UTWO,US Treasury 2 Year Note ETF
UTWY,US Treasury 20 Year Bond ETF
VCRB,Vanguard Core Bond ETF
VFLO,Victoryshares Free Cash Flow ETF
VGSR,Vert Global Sustainable Real Estate ETF
VIGI,Intl Div Appreciation ETF Vanguard
VMOT,Alpha Architect Value Momentum Trend ETF
VPLS,Vanguard Core Plus Bond ETF
VRIG,Variable Rate Investment Grade Invesco ETF
VSDA,Victory Dividend Accelerator ETF
VSMV,Victory Portfolios II US Multi-Factor ETF
VTC,Total Corporate Bond Vanguard ETF
VXUS,Total Intl Stock ETF Vanguard
VYMI,Intl High Divd Yield ETF Vanguard
WABF,Western Asset Bond ETF
WBND,Western Asset Total Return ETF
WEEI,Westwood Salient Enhanced Energy Income ETF
WGMI,Valkyrie Bitcoin Miners ETF
WINC,Western Asset Short-Duration Income ETF
WISE,Themes Generative Artificial Intelligence ETF
WNDY,GX Wind Energy ETF
WOOD,Global Timber & Forestry Ishares ETF
WRND,Nyli Global Equity R&D Leaders ETF
XBIL,US Treasury 6 Month Bill ETF
XCNY,SPDR S&P Emerging Markets Ex-China ETF
XFIX,F/M Opportunistic Income ETF
XMAG,Defiance Large Cap Ex-Mag 7 ETF
XOVR,Ershares Private-Public Crossover ETF
XT,Exponential Technologies Ishares ETF
YLDE,Legg Clearbridge Dividend ESG ETF
YQQQ,Yieldmax Short N100 Option Income Strategy ETF
